{"main":"american-flights-api-v2.raml","name":"American Flights API v2","classifier":"raml","tags":[],"dependencies":[{"groupId":"68ef9520-24e9-4cf2-b2f5-620025690913","assetId":"training-american-flight-data-type","version":"1.0.1"},{"groupId":"68ef9520-24e9-4cf2-b2f5-620025690913","assetId":"training-american-flights-example","version":"1.0.1"}],"groupId":"41f7df8a-cecb-4b86-a33c-26dd972bb341","assetId":"american-flights-api-v2","version":"1.0.1","apiVersion":"v1","originalFormatVersion":"1.0","metadata":{"projectId":"a50da822-3447-4f25-a79c-8a98a512cb70","branchId":"master","commitId":"7bad679ca43a825d3537c3c0a65c11e569972768"}}